<edmx:Edmx
    xmlns:edmx="http://schemas.microsoft.com/ado/2007/06/edmx"
    xmlns:m="http://schemas.microsoft.com/ado/2007/08/dataservices/metadata"
    xmlns:sap="http://www.sap.com/Protocols/SAPData" Version="1.0">
    <edmx:DataServices m:DataServiceVersion="2.0">
        <Schema
            xmlns="http://schemas.microsoft.com/ado/2008/09/edm" Namespace="ZHCM_ECERT_APPROVER_SRV_01" xml:lang="en" sap:schema-version="1">
            <EntityType Name="EmployeeList" sap:content-version="1">
                <Key>
                    <PropertyRef Name="Pernr"/>
                    <PropertyRef Name="PayrollPeriod"/>
                    <PropertyRef Name="PayrollYear"/>
                </Key>
                <Property Name="CertifiedDate" Type="Edm.String" Nullable="false" MaxLength="10" sap:unicode="false" sap:label="Start Date" sap:creatable="false" sap:updatable="false" sap:sortable="false" sap:filterable="false"/>
                <Property Name="Pernr" Type="Edm.String" Nullable="false" MaxLength="8" sap:unicode="false" sap:label="Personnel no." sap:creatable="false" sap:updatable="false" sap:sortable="false" sap:filterable="false"/>
                <Property Name="IsChangedAfter" Type="Edm.Boolean" Nullable="false" sap:unicode="false" sap:label="Changed After Cert" sap:creatable="false" sap:updatable="false" sap:sortable="false" sap:filterable="false"/>
                <Property Name="PayrollPeriod" Type="Edm.String" Nullable="false" MaxLength="2" sap:unicode="false" sap:label="Payroll Period" sap:creatable="false" sap:updatable="false" sap:sortable="false" sap:filterable="false"/>
                <Property Name="PayrollYear" Type="Edm.String" Nullable="false" MaxLength="4" sap:unicode="false" sap:label="Payroll Year" sap:creatable="false" sap:updatable="false" sap:sortable="false" sap:filterable="false"/>
                <Property Name="EmployeeName" Type="Edm.String" Nullable="false" MaxLength="40" sap:unicode="false" sap:label="Employee name" sap:creatable="false" sap:updatable="false" sap:sortable="false" sap:filterable="false"/>
                <Property Name="ApproverName" Type="Edm.String" Nullable="false" MaxLength="40" sap:unicode="false" sap:label="Approver Name" sap:creatable="false" sap:updatable="false" sap:sortable="false" sap:filterable="false"/>
                <Property Name="PayPeriodStartDate" Type="Edm.String" Nullable="false" MaxLength="10" sap:unicode="false" sap:label="Start Date" sap:creatable="false" sap:updatable="false" sap:sortable="false" sap:filterable="false"/>
                <Property Name="PayPeriodEndDate" Type="Edm.String" Nullable="false" MaxLength="10" sap:unicode="false" sap:label="End Date" sap:creatable="false" sap:updatable="false" sap:sortable="false" sap:filterable="false"/>
                <Property Name="IsAction" Type="Edm.Boolean" Nullable="false" sap:unicode="false" sap:label="Item needs action?" sap:creatable="false" sap:updatable="false" sap:sortable="false" sap:filterable="false"/>
                <Property Name="IsEcert" Type="Edm.Boolean" Nullable="false" sap:unicode="false" sap:label="User is eCert?" sap:creatable="false" sap:updatable="false" sap:sortable="false" sap:filterable="false"/>
                <Property Name="IsCertified" Type="Edm.String" Nullable="false" MaxLength="1" sap:unicode="false" sap:label="Record is certified?" sap:creatable="false" sap:updatable="false" sap:sortable="false" sap:filterable="false"/>
                <Property Name="IsLocked" Type="Edm.Boolean" Nullable="false" sap:unicode="false" sap:label="Record is locked?" sap:creatable="false" sap:updatable="false" sap:sortable="false" sap:filterable="false"/>
            </EntityType>
            <EntityType Name="EmployeeInfo" sap:content-version="1">
                <Key>
                    <PropertyRef Name="Pernr"/>
                    <PropertyRef Name="PayrollPeriod"/>
                    <PropertyRef Name="PayrollYear"/>
                </Key>
                <Property Name="Pernr" Type="Edm.String" Nullable="false" MaxLength="8" sap:unicode="false" sap:label="Personnel no." sap:creatable="false" sap:updatable="false" sap:sortable="false" sap:filterable="false"/>
                <Property Name="PayrollPeriod" Type="Edm.String" Nullable="false" MaxLength="2" sap:unicode="false" sap:label="Payroll Period" sap:creatable="false" sap:updatable="false" sap:sortable="false" sap:filterable="false"/>
                <Property Name="PayrollYear" Type="Edm.String" Nullable="false" MaxLength="4" sap:unicode="false" sap:label="Payroll Year" sap:creatable="false" sap:updatable="false" sap:sortable="false" sap:filterable="false"/>
                <Property Name="PayPeriodStartDate" Type="Edm.String" Nullable="false" MaxLength="10" sap:unicode="false" sap:label="Start Date" sap:creatable="false" sap:updatable="false" sap:sortable="false" sap:filterable="false"/>
                <Property Name="PayPeriodEndDate" Type="Edm.String" Nullable="false" MaxLength="10" sap:unicode="false" sap:label="End Date" sap:creatable="false" sap:updatable="false" sap:sortable="false" sap:filterable="false"/>
                <Property Name="EmployeeName" Type="Edm.String" Nullable="false" MaxLength="40" sap:unicode="false" sap:label="Empl./appl.name" sap:creatable="false" sap:updatable="false" sap:sortable="false" sap:filterable="false"/>
                <Property Name="ApproverName" Type="Edm.String" Nullable="false" MaxLength="40" sap:unicode="false" sap:label="Approver Name" sap:creatable="false" sap:updatable="false" sap:sortable="false" sap:filterable="false"/>
                <Property Name="IsPresentPeriod" Type="Edm.Boolean" Nullable="false" sap:unicode="false" sap:label="TRUE" sap:creatable="false" sap:updatable="false" sap:sortable="false" sap:filterable="false"/>
            </EntityType>
            <EntityType Name="TimesheetInfo" sap:content-version="1">
                <Key>
                    <PropertyRef Name="Pernr"/>
                    <PropertyRef Name="PayrollPeriod"/>
                    <PropertyRef Name="PayrollYear"/>
                </Key>
                <Property Name="Pernr" Type="Edm.String" Nullable="false" MaxLength="8" sap:unicode="false" sap:label="Personnel no." sap:creatable="false" sap:updatable="false" sap:sortable="false" sap:filterable="false"/>
                <Property Name="PayrollPeriod" Type="Edm.String" Nullable="false" MaxLength="2" sap:unicode="false" sap:label="Payroll Period" sap:creatable="false" sap:updatable="false" sap:sortable="false" sap:filterable="false"/>
                <Property Name="PayrollYear" Type="Edm.String" Nullable="false" MaxLength="4" sap:unicode="false" sap:label="Payroll Year" sap:creatable="false" sap:updatable="false" sap:sortable="false" sap:filterable="false"/>
                <Property Name="WorkDate" Type="Edm.String" Nullable="false" MaxLength="10" sap:unicode="false" sap:label="Work Date" sap:creatable="false" sap:updatable="false" sap:sortable="false" sap:filterable="false"/>
                <Property Name="AbsenseType" Type="Edm.String" Nullable="false" MaxLength="4" sap:unicode="false" sap:label="Absense Type" sap:creatable="false" sap:updatable="false" sap:sortable="false" sap:filterable="false"/>
                <Property Name="AbsenseTypeText" Type="Edm.String" Nullable="false" MaxLength="25" sap:unicode="false" sap:label="Absense Type Text" sap:creatable="false" sap:updatable="false" sap:sortable="false" sap:filterable="false"/>
                <Property Name="PostedBy" Type="Edm.String" Nullable="false" MaxLength="12" sap:unicode="false" sap:label="Posted By" sap:creatable="false" sap:updatable="false" sap:sortable="false" sap:filterable="false"/>
                <Property Name="Hours" Type="Edm.String" Nullable="false" MaxLength="6" sap:unicode="false" sap:label="Hours" sap:creatable="false" sap:updatable="false" sap:sortable="false" sap:filterable="false"/>
            </EntityType>
            <EntityType Name="WorkScheduleInfo" sap:content-version="1">
                <Key>
                    <PropertyRef Name="Pernr"/>
                    <PropertyRef Name="PayrollPeriod"/>
                    <PropertyRef Name="PayrollYear"/>
                </Key>
                <Property Name="Pernr" Type="Edm.String" Nullable="false" MaxLength="8" sap:unicode="false" sap:label="Personnel no." sap:creatable="false" sap:updatable="false" sap:sortable="false" sap:filterable="false"/>
                <Property Name="PayrollPeriod" Type="Edm.String" Nullable="false" MaxLength="2" sap:unicode="false" sap:label="Payroll Period" sap:creatable="false" sap:updatable="false" sap:sortable="false" sap:filterable="false"/>
                <Property Name="PayrollYear" Type="Edm.String" Nullable="false" MaxLength="4" sap:unicode="false" sap:label="Payroll Year" sap:creatable="false" sap:updatable="false" sap:sortable="false" sap:filterable="false"/>
                <Property Name="WorkScheduleText" Type="Edm.String" Nullable="false" MaxLength="25" sap:unicode="false" sap:label="DWS rule text" sap:creatable="false" sap:updatable="false" sap:sortable="false" sap:filterable="false"/>
                <Property Name="WorkDate" Type="Edm.String" Nullable="false" MaxLength="14" sap:unicode="false" sap:label="Work Date" sap:creatable="false" sap:updatable="false" sap:sortable="false" sap:filterable="false"/>
                <Property Name="WorkHours" Type="Edm.String" Nullable="false" MaxLength="2" sap:unicode="false" sap:label="Work Hours" sap:creatable="false" sap:updatable="false" sap:sortable="false" sap:filterable="false"/>
            </EntityType>
            <EntityType Name="DefaultCostingInfo" sap:content-version="1">
                <Key>
                    <PropertyRef Name="Pernr"/>
                    <PropertyRef Name="PayrollPeriod"/>
                    <PropertyRef Name="PayrollYear"/>
                </Key>
                <Property Name="Pernr" Type="Edm.String" Nullable="false" MaxLength="8" sap:unicode="false" sap:label="Personnel no." sap:creatable="false" sap:updatable="false" sap:sortable="false" sap:filterable="false"/>
                <Property Name="PayrollPeriod" Type="Edm.String" Nullable="false" MaxLength="2" sap:unicode="false" sap:label="Payroll Period" sap:creatable="false" sap:updatable="false" sap:sortable="false" sap:filterable="false"/>
                <Property Name="PayrollYear" Type="Edm.String" Nullable="false" MaxLength="4" sap:unicode="false" sap:label="Payroll Year" sap:creatable="false" sap:updatable="false" sap:sortable="false" sap:filterable="false"/>
                <Property Name="CostCenter" Type="Edm.String" Nullable="false" MaxLength="100" sap:unicode="false" sap:label="Cost Center" sap:creatable="false" sap:updatable="false" sap:sortable="false" sap:filterable="false"/>
                <Property Name="ZOrder" Type="Edm.String" Nullable="false" MaxLength="100" sap:unicode="false" sap:label="Z Order" sap:creatable="false" sap:updatable="false" sap:sortable="false" sap:filterable="false"/>
                <Property Name="WbsElement" Type="Edm.String" Nullable="false" MaxLength="100" sap:unicode="false" sap:label="WBS Element" sap:creatable="false" sap:updatable="false" sap:sortable="false" sap:filterable="false"/>
                <Property Name="Fund" Type="Edm.String" Nullable="false" MaxLength="100" sap:unicode="false" sap:label="Fund" sap:creatable="false" sap:updatable="false" sap:sortable="false" sap:filterable="false"/>
                <Property Name="FunctionalArea" Type="Edm.String" Nullable="false" MaxLength="100" sap:unicode="false" sap:label="Functional Area" sap:creatable="false" sap:updatable="false" sap:sortable="false" sap:filterable="false"/>
                <Property Name="GrantNumber" Type="Edm.String" Nullable="false" MaxLength="100" sap:unicode="false" sap:label="Grant Number" sap:creatable="false" sap:updatable="false" sap:sortable="false" sap:filterable="false"/>
                <Property Name="FundCenter" Type="Edm.String" Nullable="false" MaxLength="100" sap:unicode="false" sap:label="Fund Center" sap:creatable="false" sap:updatable="false" sap:sortable="false" sap:filterable="false"/>
                <Property Name="Percentage" Type="Edm.Decimal" Nullable="false" Precision="5" Scale="2" sap:unicode="false" sap:label="Percentage" sap:creatable="false" sap:updatable="false" sap:sortable="false" sap:filterable="false"/>
                <Property Name="StartDate" Type="Edm.String" Nullable="false" MaxLength="10" sap:unicode="false" sap:label="Start Date" sap:creatable="false" sap:updatable="false" sap:sortable="false" sap:filterable="false"/>
                <Property Name="TotalHours" Type="Edm.String" Nullable="false" MaxLength="3" sap:unicode="false" sap:label="Total Hours" sap:creatable="false" sap:updatable="false" sap:sortable="false" sap:filterable="false"/>
            </EntityType>
            <EntityType Name="ApproveRejectHeaderInfo" sap:content-version="1">
                <Key>
                    <PropertyRef Name="Pernr"/>
                    <PropertyRef Name="PayrollPeriod"/>
                    <PropertyRef Name="PayrollYear"/>
                </Key>
                <Property Name="Pernr" Type="Edm.String" Nullable="false" MaxLength="8" sap:unicode="false" sap:label="Personnel no." sap:creatable="false" sap:updatable="false" sap:sortable="false" sap:filterable="false"/>
                <Property Name="PayrollPeriod" Type="Edm.String" Nullable="false" MaxLength="2" sap:unicode="false" sap:label="Payroll Period" sap:creatable="false" sap:updatable="false" sap:sortable="false" sap:filterable="false"/>
                <Property Name="PayrollYear" Type="Edm.String" Nullable="false" MaxLength="4" sap:unicode="false" sap:label="Payroll Year" sap:creatable="false" sap:updatable="false" sap:sortable="false" sap:filterable="false"/>
                <Property Name="IsApproved" Type="Edm.Boolean" Nullable="false" sap:unicode="false" sap:label="Is record approved?" sap:creatable="false" sap:updatable="false" sap:sortable="false" sap:filterable="false"/>
                <Property Name="IsRejected" Type="Edm.Boolean" Nullable="false" sap:unicode="false" sap:label="Is record rejected?" sap:creatable="false" sap:updatable="false" sap:sortable="false" sap:filterable="false"/>
                <Property Name="RejectNotes" Type="Edm.String" Nullable="false" MaxLength="255" sap:unicode="false" sap:label="Reject notes" sap:creatable="false" sap:updatable="false" sap:sortable="false" sap:filterable="false"/>
            </EntityType>
            <EntityType Name="SummaryInfo" sap:content-version="1">
                <Key>
                    <PropertyRef Name="Pernr"/>
                    <PropertyRef Name="PayrollPeriod"/>
                    <PropertyRef Name="PayrollYear"/>
                </Key>
                <Property Name="Pernr" Type="Edm.String" Nullable="false" MaxLength="8" sap:unicode="false" sap:label="Personnel no." sap:creatable="false" sap:updatable="false" sap:sortable="false" sap:filterable="false"/>
                <Property Name="PayrollPeriod" Type="Edm.String" Nullable="false" MaxLength="2" sap:unicode="false" sap:label="Payroll Period" sap:creatable="false" sap:updatable="false" sap:sortable="false" sap:filterable="false"/>
                <Property Name="PayrollYear" Type="Edm.String" Nullable="false" MaxLength="4" sap:unicode="false" sap:label="Payroll Year" sap:creatable="false" sap:updatable="false" sap:sortable="false" sap:filterable="false"/>
                <Property Name="TotalHours" Type="Edm.String" Nullable="false" MaxLength="3" sap:unicode="false" sap:label="3-Byte field" sap:creatable="false" sap:updatable="false" sap:sortable="false" sap:filterable="false"/>
                <Property Name="Description" Type="Edm.String" Nullable="false" MaxLength="40" sap:unicode="false" sap:label="Char" sap:creatable="false" sap:updatable="false" sap:sortable="false" sap:filterable="false"/>
            </EntityType>
            <EntityContainer Name="ZHCM_ECERT_APPROVER_SRV_01_Entities" m:IsDefaultEntityContainer="true" sap:supported-formats="atom json xlsx">
                <EntitySet Name="EmployeeListSet" EntityType="ZHCM_ECERT_APPROVER_SRV_01.EmployeeList" sap:creatable="false" sap:updatable="false" sap:deletable="false" sap:pageable="false" sap:content-version="1"/>
                <EntitySet Name="EmployeeInfoSet" EntityType="ZHCM_ECERT_APPROVER_SRV_01.EmployeeInfo" sap:creatable="false" sap:updatable="false" sap:deletable="false" sap:pageable="false" sap:content-version="1"/>
                <EntitySet Name="TimesheetInfoSet" EntityType="ZHCM_ECERT_APPROVER_SRV_01.TimesheetInfo" sap:creatable="false" sap:updatable="false" sap:deletable="false" sap:pageable="false" sap:content-version="1"/>
                <EntitySet Name="WorkScheduleInfoSet" EntityType="ZHCM_ECERT_APPROVER_SRV_01.WorkScheduleInfo" sap:creatable="false" sap:updatable="false" sap:deletable="false" sap:pageable="false" sap:content-version="1"/>
                <EntitySet Name="DefaultCostingInfoSet" EntityType="ZHCM_ECERT_APPROVER_SRV_01.DefaultCostingInfo" sap:creatable="false" sap:updatable="false" sap:deletable="false" sap:pageable="false" sap:content-version="1"/>
                <EntitySet Name="ApproveRejectHeaderInfoSet" EntityType="ZHCM_ECERT_APPROVER_SRV_01.ApproveRejectHeaderInfo" sap:creatable="false" sap:updatable="false" sap:deletable="false" sap:pageable="false" sap:content-version="1"/>
                <EntitySet Name="SummaryInfoSet" EntityType="ZHCM_ECERT_APPROVER_SRV_01.SummaryInfo" sap:creatable="false" sap:updatable="false" sap:deletable="false" sap:pageable="false" sap:content-version="1"/>
            </EntityContainer>
            <atom:link
                xmlns:atom="http://www.w3.org/2005/Atom" rel="self" href="./sap/ZHCM_ECERT_APPROVER_SRV_01/$metadata"/>
                <atom:link
                    xmlns:atom="http://www.w3.org/2005/Atom" rel="latest-version" href="./sap/ZHCM_ECERT_APPROVER_SRV_01/$metadata"/>
                </Schema>
            </edmx:DataServices>
        </edmx:Edmx>