{
	"results": [{
			
  "PayPeriodNumber": "1231231",
  "PayPeriodStartDate": "01-01-2018",
  "PayrollYear": "2018",
  "PayrollPeriod":12,
  "PayPeriodEndDate":"01-31-2018",
  "isAction": "YES",
  "Notes": "xdsdfsdfs",
  "Pernr": "3242344",
  "EmployeeName": "Lori Casse",
  "isEcert": "34",
  "IsCertified": "C",
  "CertifiedDate": "11-09-2018",
  "isApproved": "YES",
  "ApprovedDate": "11-10-2018",
  "IsChangedAfter": "X",
  "IsLocked": true

		}, {
		 "PayPeriodNumber": "1231231",
  "PayPeriodStartDate": "05-01-2018",
  "PayrollYear": "2018",
  "PayrollPeriod":12,
  "PayPeriodEndDate":"06-29-2018",
  "isAction": "YES",
  "Notes": "xdsdfsdfs",
  "Pernr": "3242341",
  "EmployeeName": "Ross Geller",
  "isEcert": "34",
  "IsCertified": "N",
  "CertifiedDate": "11-09-2018",
  "isApproved": "YES",
  "ApprovedDate": "11-10-2018",
  "IsChangedAfter": true,
  "IsLocked": false
		},
		{
		 "PayPeriodNumber": "1231231",
  "PayPeriodStartDate": "01-02-2018",
  "PayrollYear": "2018",
  "PayrollPeriod":12,
  "PayPeriodEndDate": "01-29-2018",
  "isAction": "YES",
  "Notes": "xdsdfsdfs",
  "Pernr": "3242343",
  "EmployeeName": "Ali Syed",
  "isEcert": "34",
  "IsCertified": "",
  "CertifiedDate": "11-09-2018",
  "isApproved": "YES",
  "ApprovedDate": "11-10-2018",
  "IsChangedAfter": false,
  "IsLocked": false
		}, {
			 "PayPeriodNumber": "1231231",
  "PayPeriodStartDate": "04-04-2018",
  "PayrollYear": "2018",
  "PayrollPeriod":12,
  "PayPeriodEndDate": "05-30-2018",
  "isAction": "YES",
  "Notes": "xdsdfsdfs",
  "Pernr": "3242342",
  "EmployeeName": "Domnick",
  "isEcert": "34",
  "IsCertified": "C",
  "CertifiedDate": "11-09-2018",
  "isApproved": "YES",
  "ApprovedDate": "11-10-2018",
  "IsChangedAfter": true,
  "IsLocked": true
		}, {
		 "PayPeriodNumber": "1231231",
  "PayPeriodStartDate": "05-01-2018",
  "PayrollYear": "2018",
  "PayrollPeriod":12,
  "PayPeriodEndDate":"06-29-2018",
  "isAction": "YES",
  "Notes": "xdsdfsdfs",
  "Pernr": "3242341",
  "EmployeeName": "Chandler Bing",
  "isEcert": "34",
  "IsCertified": "C",
  "CertifiedDate": "11-09-2018",
  "isApproved": "YES",
  "ApprovedDate": "11-10-2018",
  "IsChangedAfter": true,
  "IsLocked": false
		}
	]
}