{
	"IList": [{
  "Pernr": "3242344",
  "PayPeriodNumber": "",
  "PayPeriodYear": "",
  "StartDate": "11-02-2017",
  "EndDate": "11-09-2018",
  "EmployeeName": "Lori Casse",
  "SupervisorName": "Mary Olexy",
  "IsEcertify": "YES",
  "CertifiedOn": "NO",
  "CertifiedAt": "ABCF",
  "ApprovedBy": "GDFA",
  "ApprovedAt": "USA",
  "ApprovedOn": "11-09-2018",
  "TimeStatus": "11-99",
  "PersonnelSubarea": "US",
  "WorkSchedule": "11-09",
  "CreatedOn": "11-07-2018",
  "CreatedAt": "US",
  "WorkScheduleSummary": "TESTDATA"
	},
	{
  "Pernr": "3242341",
  "PayPeriodNumber": "",
  "PayPeriodYear": "",
  "StartDate": "",
  "EndDate": "",
  "EmployeeName": "Ross Geller",
   "SupervisorName": "Mary Olexy",
  "IsEcertify": "N",
  "CertifiedOn": "NO",
  "CertifiedAt": "ABCF",
  "ApprovedBy": "GDFA",
  "ApprovedAt": "USA",
  "ApprovedOn": "11-09-2018",
  "TimeStatus": "11-99",
  "PersonnelSubarea": "US",
  "WorkSchedule": "11-09",
  "CreatedOn": "11-07-2018",
  "CreatedAt": "US",
  "WorkScheduleSummary": "TESTDATA"
	},
	{
  "Pernr": "3242343",
  "PayPeriodNumber": "",
  "PayPeriodYear": "",
  "StartDate": "",
  "EndDate": "",
  "EmployeeName": "Ali Asfan",
    "SupervisorName": "Mary Olexy",
  "IsEcertify": "YES",
  "CertifiedOn": "NO",
  "CertifiedAt": "ABCF",
  "ApprovedBy": "GDFA",
  "ApprovedAt": "USA",
  "ApprovedOn": "11-09-2018",
  "TimeStatus": "11-99",
  "PersonnelSubarea": "US",
  "WorkSchedule": "11-09",
  "CreatedOn": "11-07-2018",
  "CreatedAt": "US",
  "WorkScheduleSummary": "TESTDATA"
	},{
  "Pernr": "3242342",
  "PayPeriodNumber": "",
  "PayPeriodYear": "",
  "StartDate": "",
  "EndDate": "",
  "EmployeeName": "Domnick",
   "SupervisorName": "Mary Olexy",
  "IsEcertify": "YES",
  "CertifiedOn": "NO",
  "CertifiedAt": "ABCF",
  "ApprovedBy": "GDFA",
  "ApprovedAt": "USA",
  "ApprovedOn": "11-09-2018",
  "TimeStatus": "11-99",
  "PersonnelSubarea": "US",
  "WorkSchedule": "11-09",
  "CreatedOn": "11-07-2018",
  "CreatedAt": "US",
  "WorkScheduleSummary": "TESTDATA"
	},{
  "Pernr": "3242341",
  "PayPeriodNumber": "",
  "PayPeriodYear": "",
  "StartDate": "",
  "EndDate": "",
  "EmployeeName": "Chandler Bing",
   "SupervisorName": "Mary Olexy",
  "IsEcertify": "YES",
  "CertifiedOn": "NO",
  "CertifiedAt": "ABCF",
  "ApprovedBy": "GDFA",
  "ApprovedAt": "USA",
  "ApprovedOn": "11-09-2018",
  "TimeStatus": "11-99",
  "PersonnelSubarea": "US",
  "WorkSchedule": "11-09",
  "CreatedOn": "11-07-2018",
  "CreatedAt": "US",
  "WorkScheduleSummary": "TESTDATA"
	}
	]
}