{
  
  "routes": [
   
       
    {
      "path": "/resources",
      "target": {
        "type": "service",
        "name": "sapui5",
        "entryPath": "/resources",
        "version": "1.38.11"
      },
      "description": "SAPUI5 Resources"
    },
    {
      "path": "/test-resources",
      "target": {
        "type": "service",
        "name": "sapui5",
        "entryPath": "/test-resources",
        "version": "1.38.11"
      },
      "description": "SAPUI5 Test Resources"
    },
     {
      "path": "/sap/opu/odata",
      "target": {
        "type": "destination",
        "name": "DEV-225",
        "entryPath": "/sap/opu/odata"
      },
      "description": "DEV-225"
    }
  ],
  "welcomeFile": "/webapp/index.html",
  "sendWelcomeFileRedirect": true
}
  
